N,K,mean,lower,upper,limit,bound,samples
1000,2,0.4604805194805194,0.4570775974025974,0.4635974025974025,0.4626852792724519,0.6931471805599453,77
1000,4,0.24445454545454542,0.2421295454545454,0.24672792207792207,0.2493288495983175,0.34657359027997264,77
1000,8,0.123,0.12116850649350647,0.12472727272727271,0.12499977492962523,0.17328679513998632,77
1000,16,0.061116883116883146,0.059999999999999984,0.06223409090909091,0.06249999999997467,0.08664339756999316,77
1000,32,0.03099999999999999,0.030181818181818178,0.03181850649350649,0.03125,0.04332169878499658,77
3000,2,0.4617186147186144,0.4599301948051947,0.4634896103896104,0.4626852792724519,0.6931471805599453,77
3000,4,0.24733766233766236,0.24573127705627712,0.24891341991341998,0.2493288495983175,0.34657359027997264,77
3000,8,0.12457575757575755,0.12358863636363637,0.12554978354978355,0.12499977492962523,0.17328679513998632,77
3000,16,0.06235930735930736,0.06170974025974025,0.06297012987012987,0.06249999999997467,0.08664339756999316,77
3000,32,0.03062770562770564,0.03013852813852815,0.03110400432900434,0.03125,0.04332169878499658,77
10000,2,0.46299610389610407,0.4617790909090908,0.4642183766233766,0.4626852792724519,0.6931471805599453,77
10000,4,0.2494038961038961,0.24879987012987015,0.2500207792207792,0.2493288495983175,0.34657359027997264,77
10000,8,0.12488311688311693,0.12431938311688312,0.1254116883116883,0.12499977492962523,0.17328679513998632,77
10000,16,0.06232597402597403,0.06193116883116885,0.06273250000000001,0.06249999999997467,0.08664339756999316,77
10000,32,0.030979220779220787,0.030716818181818175,0.031233831168831175,0.03125,0.04332169878499658,77
30000,2,0.4629463203463204,0.46239040043290053,0.46349109307359315,0.4626852792724519,0.6931471805599453,77
30000,4,0.24930822510822506,0.24889346320346323,0.24974378787878784,0.2493288495983175,0.34657359027997264,77
30000,8,0.12496883116883115,0.12462337662337662,0.12530827922077925,0.12499977492962523,0.17328679513998632,77
30000,16,0.06240346320346322,0.06219089826839828,0.0625935497835498,0.06249999999997467,0.08664339756999316,77
30000,32,0.03117359307359306,0.031012543290043285,0.03132772727272727,0.03125,0.04332169878499658,77
100000,2,0.46259844155844165,0.46226525324675316,0.46292098376623386,0.4626852792724519,0.6931471805599453,77
100000,4,0.24913129870129874,0.24887473051948047,0.24937806168831175,0.2493288495983175,0.34657359027997264,77
100000,8,0.1249448051948052,0.12477805194805197,0.12510263636363633,0.12499977492962523,0.17328679513998632,77
100000,16,0.062458441558441574,0.06233038961038961,0.06258910064935065,0.06249999999997467,0.08664339756999316,77
100000,32,0.031201818181818188,0.03112063636363637,0.031289353896103905,0.03125,0.04332169878499658,77
