N,L,mean_radius_N,lower_radius_N,upper_radius_N,radius_samples,base_single_root_fraction,perturbed_single_root_fraction,extraL_single_root_fraction,perturbed_samples
1000,2,3977.0578706583747,3942.8270534617986,4008.8997081169123,77,0.0,0.0,0.0,78
1000,4,5886.529798964678,5838.3317047833725,5932.377987853179,77,0.0,0.0,0.0,78
1000,8,7370.4131092701755,7290.249131031591,7448.364930918289,77,0.0,0.0,0.0,78
1000,16,7759.231327681547,7672.903012715352,7845.706199777713,77,0.0,0.0,0.0,78
3000,2,3992.5690972376296,3971.8046193074815,4013.3849432794095,77,0.0,0.0,0.0,58
3000,4,5926.351041956193,5892.069056889643,5960.53425336379,77,0.0,0.0,0.0,58
3000,8,7434.564959011021,7390.80302228085,7477.980874266939,77,0.0,0.0,0.0,58
3000,16,7822.791608423767,7771.769814126344,7872.291319534121,77,0.0,0.0,0.0,58
10000,2,3970.9849805544845,3961.3688611827406,3980.960685004446,77,0.0,0.0,0.0,57
10000,4,5898.4202285134725,5879.782504658462,5915.474723389181,77,0.0,0.0,0.0,57
10000,8,7395.725356816842,7373.407283215944,7418.804827013965,77,0.0,0.0,0.0,57
10000,16,7776.518155916252,7752.353872240919,7801.001249051556,77,0.0,0.0,0.0,57
30000,2,3926.384336501401,3919.8803284260903,3932.4069424133354,77,0.0,0.0,0.0,53
30000,4,5814.720852946071,5803.402481338727,5825.809728709901,77,0.0,0.0,0.0,53
30000,8,7294.131467368484,7280.2211298714765,7306.805320919492,77,0.0,0.0,0.0,53
30000,16,7672.075532634957,7657.544298953738,7686.281980976067,77,0.0,0.0,0.0,53
100000,2,3849.0706659700395,3845.032214770551,3852.9270679487304,77,0.0,0.0,0.0,27
100000,4,5701.353824402126,5694.559439261119,5707.872667162579,77,0.0,0.0,0.0,27
100000,8,7144.193792054813,7136.685668317439,7151.330803383932,77,0.0,0.0,0.0,27
100000,16,7513.402660418784,7505.173855896345,7520.840665084469,77,0.0,0.0,0.0,27
