kind,grid,parameter,N,mean,lower,upper,samples
occupation_variance,coarse,0.25,1000,2.6382917348547188e-05,1.9884510268928095e-05,3.306216813706194e-05,100
occupation_variance,coarse,0.25,3000,1.2341039240302552e-05,8.867035796114613e-06,1.580219244744772e-05,100
occupation_variance,coarse,0.25,10000,3.368589976860727e-06,2.555345194664711e-06,4.182979655493318e-06,100
occupation_variance,coarse,0.25,30000,1.420953661871259e-06,1.0506606311425455e-06,1.776789476943914e-06,100
occupation_variance,coarse,0.25,100000,3.343207875386516e-07,2.564612451984022e-07,4.115841805455766e-07,100
occupation_variance,coarse,0.5,1000,0.00011313396533844487,8.621600962952038e-05,0.00013949446302841237,100
occupation_variance,coarse,0.5,3000,4.118708512140305e-05,3.2050240260211635e-05,5.049866215454293e-05,100
occupation_variance,coarse,0.5,10000,1.2194583675449895e-05,8.89014853236598e-06,1.5500674956571002e-05,100
occupation_variance,coarse,0.5,30000,4.595295025988075e-06,3.188442499943146e-06,6.095873938884621e-06,100
occupation_variance,coarse,0.5,100000,1.426138895635984e-06,1.0647757922164275e-06,1.8194367927361203e-06,100
occupation_variance,coarse,1.0,1000,8.13790459795573e-05,6.257394649417215e-05,0.00010090192825657714,100
occupation_variance,coarse,1.0,3000,3.113331643839459e-05,2.2907445283825985e-05,3.999181277851917e-05,100
occupation_variance,coarse,1.0,10000,7.90299909175184e-06,5.583447160563149e-06,1.0212102601443517e-05,100
occupation_variance,coarse,1.0,30000,2.4093174362231357e-06,1.8389947304695093e-06,3.0009266258755537e-06,100
occupation_variance,coarse,1.0,100000,6.743011374827441e-07,5.028682853963125e-07,8.422085818465762e-07,100
occupation_variance,coarse,2.0,1000,1.1984393447689548e-05,9.054404442467093e-06,1.5186834607694762e-05,100
occupation_variance,coarse,2.0,3000,3.639190816575596e-06,2.693624799035481e-06,4.656471002460006e-06,100
occupation_variance,coarse,2.0,10000,1.2908750911495066e-06,9.251729613165302e-07,1.6634148818603e-06,100
occupation_variance,coarse,2.0,30000,3.6457427918013426e-07,2.732442439288027e-07,4.568166897505883e-07,100
occupation_variance,coarse,2.0,100000,1.2775726795198037e-07,9.533453773888115e-08,1.6048845826082283e-07,100
log_mean_square,coarse,0,1000,0.0001613520916146199,0.00012499984084354994,0.00020195220899485984,100
log_mean_square,coarse,0,3000,6.21846343542169e-05,4.6544728861907434e-05,7.929557180152498e-05,100
log_mean_square,coarse,0,10000,1.7894854990365695e-05,1.3470062136099437e-05,2.2623926223266968e-05,100
log_mean_square,coarse,0,30000,6.831042542375461e-06,4.910863971623436e-06,8.959896180313227e-06,100
log_mean_square,coarse,0,100000,1.788022448078704e-06,1.3486925115382936e-06,2.3319096745574512e-06,100
log_mean_square,coarse,-2,1000,0.000230645689649709,0.0001730668342848175,0.0002908236886225172,100
log_mean_square,coarse,-2,3000,8.660855732603924e-05,6.775326010655758e-05,0.00010759364096457338,100
log_mean_square,coarse,-2,10000,2.0519441712187153e-05,1.5652558952239933e-05,2.5584281342127334e-05,100
log_mean_square,coarse,-2,30000,9.921134037267947e-06,7.365905869668073e-06,1.2874400772717178e-05,100
log_mean_square,coarse,-2,100000,2.3934547065346293e-06,1.7269680338343322e-06,3.1082329083332025e-06,100
log_mean_square,coarse,2,1000,0.0002404890984635789,0.000186621431638927,0.0002989382889308432,100
log_mean_square,coarse,2,3000,6.964033993316878e-05,5.017194189880353e-05,9.13201237482129e-05,100
log_mean_square,coarse,2,10000,2.011934703284126e-05,1.5818181395521986e-05,2.4762006729362426e-05,100
log_mean_square,coarse,2,30000,8.689543294504694e-06,6.602162674087993e-06,1.094533942853552e-05,100
log_mean_square,coarse,2,100000,2.7946404998977376e-06,2.1181510820307876e-06,3.5415322441903024e-06,100
log_mean_square,coarse,-4,1000,0.0004335884124815129,0.00033886165555348544,0.000538274010291795,100
log_mean_square,coarse,-4,3000,0.00014543848814301146,0.0001075867803495666,0.00018806193078446442,100
log_mean_square,coarse,-4,10000,4.4808940965149815e-05,3.444142189716723e-05,5.6216281686386285e-05,100
log_mean_square,coarse,-4,30000,1.4339163806539946e-05,1.0808204955895902e-05,1.8373678420829553e-05,100
log_mean_square,coarse,-4,100000,5.1708816971411274e-06,3.887766298998467e-06,6.613335453647461e-06,100
log_mean_square,coarse,4,1000,0.0004252224593509357,0.000319119826927234,0.0005413110754745377,100
log_mean_square,coarse,4,3000,0.00011545815280707166,8.846248274684609e-05,0.0001449449189260322,100
log_mean_square,coarse,4,10000,4.307742172511298e-05,3.307709087282893e-05,5.4031893947140804e-05,100
log_mean_square,coarse,4,30000,1.3995425977733289e-05,1.067651056977368e-05,1.7775985143730384e-05,100
log_mean_square,coarse,4,100000,4.9182270049629485e-06,3.6634072908259777e-06,6.406301957762936e-06,100
log_mean_square,coarse,-8,1000,0.0009518033652862715,0.000702462366525149,0.001232955766558524,100
log_mean_square,coarse,-8,3000,0.0002699044228620091,0.0002035184193167614,0.0003434564691331139,100
log_mean_square,coarse,-8,10000,9.590864227285841e-05,7.564018611551704e-05,0.00011930538548517645,100
log_mean_square,coarse,-8,30000,2.8023866575869056e-05,2.1259304385550003e-05,3.559633507356672e-05,100
log_mean_square,coarse,-8,100000,1.0691310791710337e-05,7.986293840532924e-06,1.3871216533242894e-05,100
log_mean_square,coarse,8,1000,0.0008907619597067747,0.0006705269490498117,0.00112620111845547,100
log_mean_square,coarse,8,3000,0.0002620209735914012,0.00019538900692298578,0.0003379964696426892,100
log_mean_square,coarse,8,10000,9.981135701162904e-05,7.696044968191343e-05,0.00012491915551341457,100
log_mean_square,coarse,8,30000,2.231689174338615e-05,1.6277781434523186e-05,2.9892647120759357e-05,100
log_mean_square,coarse,8,100000,1.0131628510714189e-05,7.4527319231515195e-06,1.3228176477048789e-05,100
log_mean_square,coarse,-16,1000,0.0022737253694838184,0.0017357684974068166,0.0028516762345034974,100
log_mean_square,coarse,-16,3000,0.0006087335027538153,0.0004730991167525194,0.0007611937193909427,100
log_mean_square,coarse,-16,10000,0.0001694743158871051,0.00012489416305653015,0.0002179851416577703,100
log_mean_square,coarse,-16,30000,6.123696389563321e-05,4.699194595580288e-05,7.702923784890998e-05,100
log_mean_square,coarse,-16,100000,1.578460970984362e-05,1.1985403010970027e-05,2.0292430524018706e-05,100
log_mean_square,coarse,16,1000,0.001876391156827725,0.0014054766639209197,0.0023957298602929286,100
log_mean_square,coarse,16,3000,0.00048544638122341444,0.0003666060920542026,0.0006193555566156281,100
log_mean_square,coarse,16,10000,0.00022503284043137752,0.00016169691315816244,0.00029888290544371343,100
log_mean_square,coarse,16,30000,4.270966247014939e-05,3.2863898371535705e-05,5.304905556290282e-05,100
log_mean_square,coarse,16,100000,1.8619406175199898e-05,1.3831492859128765e-05,2.4186851906392694e-05,100
log_mean_square,coarse,-32,1000,0.00394271931466346,0.0030041978653189347,0.004997634357311629,100
log_mean_square,coarse,-32,3000,0.0013940928442887197,0.001043734179620144,0.0017731816018628976,100
log_mean_square,coarse,-32,10000,0.0003350466338005486,0.00025683785659895913,0.00042208004239225623,100
log_mean_square,coarse,-32,30000,0.0001201688200194385,9.11090566360076e-05,0.00015067452472059556,100
log_mean_square,coarse,-32,100000,3.4919368111792536e-05,2.6383846805741923e-05,4.398856610777224e-05,100
log_mean_square,coarse,32,1000,0.0034769174433886517,0.002421049488648289,0.0046833991818908466,100
log_mean_square,coarse,32,3000,0.0009409709048276187,0.0006850794715463238,0.0012093038710716648,100
log_mean_square,coarse,32,10000,0.00034605933272807476,0.00026481848570316367,0.0004315675616655479,100
log_mean_square,coarse,32,30000,9.652911270567759e-05,7.469588718500258e-05,0.00012068773872930018,100
log_mean_square,coarse,32,100000,3.510372496050038e-05,2.632778231106183e-05,4.488786509620466e-05,100
occupation_variance,dense,0.25,1000,2.6276695760191215e-05,1.9552644541965348e-05,3.299246494011771e-05,100
occupation_variance,dense,0.25,3000,1.2272267998198529e-05,8.843256349638716e-06,1.5744849404270943e-05,100
occupation_variance,dense,0.25,10000,3.353557757822756e-06,2.542305712705377e-06,4.155821281383119e-06,100
occupation_variance,dense,0.25,30000,1.4082508259297599e-06,1.0414456272620569e-06,1.7586400923919153e-06,100
occupation_variance,dense,0.25,100000,3.3250564519562425e-07,2.5328258542643313e-07,4.121739224033883e-07,100
occupation_variance,dense,0.5,1000,0.00011275764144220453,8.547316213690583e-05,0.00013909277771467576,100
occupation_variance,dense,0.5,3000,4.108756267763902e-05,3.18705931299659e-05,5.041997665763358e-05,100
occupation_variance,dense,0.5,10000,1.2030428832002513e-05,8.760280238938799e-06,1.5346331652999546e-05,100
occupation_variance,dense,0.5,30000,4.5041570730479e-06,3.112897369857695e-06,5.9494571026006565e-06,100
occupation_variance,dense,0.5,100000,1.424287175830122e-06,1.0703371671221953e-06,1.8198378452298044e-06,100
occupation_variance,dense,1.0,1000,8.103991843499606e-05,6.225725825342445e-05,0.00010056981569594971,100
occupation_variance,dense,1.0,3000,3.077500713714005e-05,2.267358190119641e-05,3.9611611197086185e-05,100
occupation_variance,dense,1.0,10000,7.858348237385876e-06,5.5313102327494e-06,1.0198955031526628e-05,100
occupation_variance,dense,1.0,30000,2.4121025407275527e-06,1.8464423289515975e-06,3.0089260158685537e-06,100
occupation_variance,dense,1.0,100000,6.769037290395782e-07,5.073978989940961e-07,8.431707051667036e-07,100
occupation_variance,dense,2.0,1000,1.1965182409493326e-05,9.032564245854593e-06,1.5038014456862515e-05,100
occupation_variance,dense,2.0,3000,3.6502995843992572e-06,2.6950088811913265e-06,4.695525360652975e-06,100
occupation_variance,dense,2.0,10000,1.2861934399949074e-06,9.206658628874883e-07,1.6591127069785253e-06,100
occupation_variance,dense,2.0,30000,3.599894089881391e-07,2.692113829532206e-07,4.5177514368949286e-07,100
occupation_variance,dense,2.0,100000,1.279711124764448e-07,9.541795746623592e-08,1.6167195647046975e-07,100
log_mean_square,dense,0,1000,0.0001615177441118218,0.00012503131565953687,0.00020201161642997994,100
log_mean_square,dense,0,3000,6.22368929779687e-05,4.656970912479657e-05,7.934571205549213e-05,100
log_mean_square,dense,0,10000,1.7875340065920804e-05,1.343612789304459e-05,2.2603441377014507e-05,100
log_mean_square,dense,0,30000,6.799509591260887e-06,4.8967786907225545e-06,8.9247228650734e-06,100
log_mean_square,dense,0,100000,1.7864916881090382e-06,1.3463989461076642e-06,2.3340511616561037e-06,100
log_mean_square,dense,-2,1000,0.0002305394236902422,0.00017286416674640242,0.00029051411328059293,100
log_mean_square,dense,-2,3000,8.667824532656097e-05,6.784865296785297e-05,0.00010761046540119307,100
log_mean_square,dense,-2,10000,2.0574139900898276e-05,1.571733598333914e-05,2.5644260181250534e-05,100
log_mean_square,dense,-2,30000,9.91404851661174e-06,7.363514926857208e-06,1.2861605622186575e-05,100
log_mean_square,dense,-2,100000,2.3955472798074683e-06,1.7270287848579412e-06,3.1113808632593214e-06,100
log_mean_square,dense,2,1000,0.00024081483922143898,0.00018723103399966555,0.00029973468307956466,100
log_mean_square,dense,2,3000,6.97485247973508e-05,5.0256829199020897e-05,9.157668835823674e-05,100
log_mean_square,dense,2,10000,2.014237601231103e-05,1.5832042893741334e-05,2.473709441084574e-05,100
log_mean_square,dense,2,30000,8.689353866695411e-06,6.608150881546204e-06,1.0929978529662575e-05,100
log_mean_square,dense,2,100000,2.7940924080003008e-06,2.1158913417001674e-06,3.540480609297907e-06,100
log_mean_square,dense,-4,1000,0.0004333202864968048,0.00033866694047512855,0.0005380677936112165,100
log_mean_square,dense,-4,3000,0.0001455163174034871,0.00010768830763091827,0.00018810285806080825,100
log_mean_square,dense,-4,10000,4.4811952296200584e-05,3.445987612244839e-05,5.6204262397550254e-05,100
log_mean_square,dense,-4,30000,1.4323320970484818e-05,1.0789735416616343e-05,1.8346523729810012e-05,100
log_mean_square,dense,-4,100000,5.16870507565016e-06,3.881511141153215e-06,6.611334920591703e-06,100
log_mean_square,dense,4,1000,0.00042562354038880307,0.00031967140946368496,0.0005418270640134063,100
log_mean_square,dense,4,3000,0.00011542589154121439,8.837319820684001e-05,0.00014475009441605933,100
log_mean_square,dense,4,10000,4.309135806148318e-05,3.3074820917028116e-05,5.403385781828506e-05,100
log_mean_square,dense,4,30000,1.398911787913134e-05,1.0675996916661181e-05,1.777388792939557e-05,100
log_mean_square,dense,4,100000,4.9116776711953105e-06,3.6569135082174456e-06,6.39777970440876e-06,100
log_mean_square,dense,-8,1000,0.0009519292877218882,0.0007024392676164581,0.0012328233608654322,100
log_mean_square,dense,-8,3000,0.0002699210396494218,0.00020351931814735898,0.0003434055232122646,100
log_mean_square,dense,-8,10000,9.59212733046031e-05,7.567372212068174e-05,0.0001192796709877791,100
log_mean_square,dense,-8,30000,2.8030052872125322e-05,2.1266013994913822e-05,3.560490606840593e-05,100
log_mean_square,dense,-8,100000,1.0691194550166943e-05,7.987650563145335e-06,1.3871678041743596e-05,100
log_mean_square,dense,8,1000,0.0008911245080491828,0.0006708944852809448,0.0011266644737475426,100
log_mean_square,dense,8,3000,0.00026190193756923697,0.00019529581476795428,0.00033787316288391326,100
log_mean_square,dense,8,10000,9.98080955422664e-05,7.693224097257855e-05,0.0001249259436667451,100
log_mean_square,dense,8,30000,2.2323695842136142e-05,1.6288131514615483e-05,2.989902694435755e-05,100
log_mean_square,dense,8,100000,1.013076531989018e-05,7.449659467836309e-06,1.3225775451472887e-05,100
log_mean_square,dense,-16,1000,0.0022737237417309528,0.0017357848214206962,0.002851662858582599,100
log_mean_square,dense,-16,3000,0.000608666666357426,0.00047297759335220057,0.000761196962834817,100
log_mean_square,dense,-16,10000,0.0001694428006743954,0.00012489473504387325,0.00021793207204167284,100
log_mean_square,dense,-16,30000,6.124318485745132e-05,4.698806057727267e-05,7.703753772265544e-05,100
log_mean_square,dense,-16,100000,1.5782339242720188e-05,1.1981577265583624e-05,2.0290828819472493e-05,100
log_mean_square,dense,16,1000,0.0018764738104545455,0.001405558722112015,0.002395747324808465,100
log_mean_square,dense,16,3000,0.0004855170772676284,0.00036666356699714724,0.0006194315281913504,100
log_mean_square,dense,16,10000,0.00022503954589358683,0.00016171564555060442,0.0002988872457525537,100
log_mean_square,dense,16,30000,4.2705703308866785e-05,3.2862253700755125e-05,5.3043134125986305e-05,100
log_mean_square,dense,16,100000,1.8617217094220694e-05,1.3828979735390752e-05,2.418440565948842e-05,100
log_mean_square,dense,-32,1000,0.003942629718694354,0.0030041424451671536,0.004997599190965099,100
log_mean_square,dense,-32,3000,0.0013940933451001367,0.0010437271408480627,0.0017732758556144594,100
log_mean_square,dense,-32,10000,0.0003350544575202103,0.0002568373747249283,0.00042210728943838723,100
log_mean_square,dense,-32,30000,0.00012016473258836386,9.110118493797365e-05,0.00015066912516445042,100
log_mean_square,dense,-32,100000,3.491879712618295e-05,2.6384463125459305e-05,4.3988868219210535e-05,100
log_mean_square,dense,32,1000,0.0034762763996963246,0.0024210393177246724,0.004681743213254546,100
log_mean_square,dense,32,3000,0.0009410081261543634,0.0006851572367123903,0.0012093971970383653,100
log_mean_square,dense,32,10000,0.00034605949799678613,0.0002648163430755618,0.00043156356864353925,100
log_mean_square,dense,32,30000,9.653198869382462e-05,7.469847811988655e-05,0.00012068814541183236,100
log_mean_square,dense,32,100000,3.510429974268293e-05,2.6327589527166864e-05,4.489072983014618e-05,100
endpoint,none,0,3000,542.4074074074074,531.7027777777777,552.4824074074074,27
endpoint,none,0,10000,1580.0,1559.5925925925926,1602.2240740740738,27
endpoint,none,0,30000,4097.62962962963,4062.2537037037036,4132.630555555555,27
endpoint,none,0,100000,11817.037037037036,11762.105555555556,11870.486111111113,27
endpoint_centered,none,0,3000,22.296296296296298,15.962962962962962,30.186111111111103,27
endpoint_centered,none,0,10000,50.77777777777778,41.591666666666654,60.815740740740736,27
endpoint_centered,none,0,30000,87.5,69.4611111111111,105.46388888888887,27
endpoint_centered,none,0,100000,110.61111111111111,78.79629629629629,146.2564814814814,27
fullblock_max,none,0,1000,218.55128205128204,214.78141025641028,222.21794871794873,78
fullblock_centered_max,none,0,1000,32.53846153846154,30.62179487179487,34.62179487179487,78
