grid,N,x,mean,lower,upper,samples
coarse,1000,0,-0.002530638186058024,-0.004912684771144834,-0.00017464389098712855,100
coarse,1000,-2,-0.0009049242650386596,-0.0037900502891590484,0.0020694876982468974,100
coarse,1000,2,-0.002789823952702567,-0.005556263496404192,0.00016295346983285055,100
coarse,1000,-4,-0.00026112968169397457,-0.004283316924399924,0.0038536536149170694,100
coarse,1000,4,-0.00028065957683445357,-0.00396908818162431,0.00397450240980804,100
coarse,1000,-8,0.0025802034736300944,-0.003320267853132546,0.008522547338134406,100
coarse,1000,8,0.0017221780488017205,-0.0039088022757797864,0.007496429443091909,100
coarse,1000,-16,0.009259981657697315,-0.00013458911157640906,0.01840584576469012,100
coarse,1000,16,-0.0006715743857939677,-0.009038602281665965,0.0071982499341532525,100
coarse,1000,-32,0.012532705830117714,-0.0003665124024237955,0.024378520218117674,100
coarse,1000,32,-0.0021315056954394483,-0.01407577395919389,0.008288606812858389,100
coarse,3000,0,-0.00036411389956749916,-0.0019097781469432182,0.0011088280924429219,100
coarse,3000,-2,-0.000998114192896929,-0.0028226677406758545,0.0008553257962327602,100
coarse,3000,2,-0.00031138017907802074,-0.0019221312064830727,0.0012932739024062666,100
coarse,3000,-4,-0.000530850973730308,-0.002916730230524886,0.0019025292756301292,100
coarse,3000,4,0.001261635676142665,-0.0009077748794294922,0.003385176090365305,100
coarse,3000,-8,-0.0007738037459629229,-0.003971761291997511,0.002382615411816177,100
coarse,3000,8,0.004207999219018915,0.0013355514236732414,0.0074676368517847536,100
coarse,3000,-16,0.0008775509513536406,-0.0038673665989686595,0.005712596740387441,100
coarse,3000,16,0.003473217596597834,-0.000849673871530935,0.00788042596659372,100
coarse,3000,-32,0.005524345761367569,-0.0018292817845636951,0.012864614773260664,100
coarse,3000,32,0.003311206169773704,-0.003112973258662985,0.00938681502989911,100
coarse,10000,0,-0.0010350080894063018,-0.0018966547455320734,-0.00023990582253317555,100
coarse,10000,-2,-0.0008825513121865141,-0.0017711710446070938,-1.738039631162975e-05,100
coarse,10000,2,0.00014494196493343382,-0.0006797818724018454,0.0010402506901896556,100
coarse,10000,-4,-0.0005400957070376288,-0.0018419915913859824,0.0007757803197819665,100
coarse,10000,4,-0.00016257737033616715,-0.001465122493176233,0.001119614646053692,100
coarse,10000,-8,-0.0006764374907028393,-0.002644515329645183,0.0012810061983819716,100
coarse,10000,8,-0.0002306452735724729,-0.002103477735324392,0.001738519347786983,100
coarse,10000,-16,-0.0005380717039527233,-0.0030985848908076778,0.0020198332020019017,100
coarse,10000,16,0.0007054567271717427,-0.00209076285036254,0.003695471274705159,100
coarse,10000,-32,-0.00044842414437254284,-0.003997542231275666,0.003081497467498433,100
coarse,10000,32,0.00086474053626028,-0.0026576867046724027,0.004596584916447923,100
coarse,30000,0,-0.00021395246786038824,-0.0007288841680709205,0.000275704619536273,100
coarse,30000,-2,-0.0006475443335272196,-0.0012741106594343907,-3.787125578542762e-05,100
coarse,30000,2,3.477684963414662e-05,-0.0005649673348787967,0.0005905456115435501,100
coarse,30000,-4,-0.0007044133236874039,-0.0014591464701075424,1.5249519084245884e-05,100
coarse,30000,4,0.00021951349313033386,-0.0005159762023643213,0.0009204994842695916,100
coarse,30000,-8,-0.0006302435237404014,-0.0016668137969429954,0.00043737580428079576,100
coarse,30000,8,9.120315102651433e-05,-0.0008435993329314636,0.000991807736725114,100
coarse,30000,-16,-0.000545642773150109,-0.0020661050723660337,0.0009996665594638305,100
coarse,30000,16,0.0003051644326018899,-0.000899401229115576,0.001583837794217748,100
coarse,30000,-32,-0.000741782073285685,-0.002980142700522839,0.0014756054807825729,100
coarse,30000,32,0.0012824492015682304,-0.0005297481537718945,0.003177845055886856,100
coarse,100000,0,-0.0003065677705214442,-0.0005534782664260665,-4.739727546975105e-05,100
coarse,100000,-2,-0.00019764891921873306,-0.0004920486397752563,0.00011150310125591043,100
coarse,100000,2,-0.00025001930384861373,-0.0005747942177222326,7.62743642284767e-05,100
coarse,100000,-4,-0.00025918585699399475,-0.0007096363326277526,0.00019225767591671888,100
coarse,100000,4,-8.132483342255247e-06,-0.00044010623689314296,0.0004220360359655428,100
coarse,100000,-8,-0.0005898125918748432,-0.001252896968751483,3.784853657775623e-05,100
coarse,100000,8,0.0007232843786737503,0.00010605914390401648,0.0013128594748798871,100
coarse,100000,-16,-0.0006874763494995595,-0.0014623736477454303,8.120502189977865e-05,100
coarse,100000,16,0.0011456102781250165,0.0003504130314985122,0.0019173391018592449,100
coarse,100000,-32,-0.0005385628328118269,-0.0017395973058045905,0.0006504975923898375,100
coarse,100000,32,0.0008995277793529699,-0.00027849214702241234,0.0020444763229872523,100
dense,1000,0,-0.0025074509857224807,-0.004862581436666293,-0.00013589101481314696,100
dense,1000,-2,-0.0008825288012401983,-0.003760376936666308,0.0021022424610632508,100
dense,1000,2,-0.0028018320814438215,-0.0055609987044294065,0.00015853921007340807,100
dense,1000,-4,-0.0002772996839269104,-0.004292570831020523,0.003830181197652995,100
dense,1000,4,-0.0002778554249900939,-0.0039759554145224855,0.003976159173853525,100
dense,1000,-8,0.002584787784745557,-0.00331811048631961,0.008523548816881277,100
dense,1000,8,0.0017254624138724629,-0.00390876781995624,0.007495088603060147,100
dense,1000,-16,0.009257145872486326,-0.00013661936347898887,0.018403162987076654,100
dense,1000,16,-0.000672339432943122,-0.009038536842004707,0.0071977298490094824,100
dense,1000,-32,0.012531965971296412,-0.0003669282072516001,0.024376651030346114,100
dense,1000,32,-0.0021290385044955536,-0.014073356102872013,0.008288522473653758,100
dense,3000,0,-0.00036359376896372196,-0.0019059820165758916,0.0011085348656885458,100
dense,3000,-2,-0.0009995054414446097,-0.002834702171834593,0.0008493008152486471,100
dense,3000,2,-0.000317023551700662,-0.0019295709153518954,0.0012911343715534375,100
dense,3000,-4,-0.0005327387956032453,-0.0029194186364053347,0.001897257687031582,100
dense,3000,4,0.0012582867436975599,-0.0009110857258666759,0.0033839426256455467,100
dense,3000,-8,-0.0007737296947209404,-0.00397227675827823,0.0023797748096527453,100
dense,3000,8,0.004208656479797682,0.00133628910069398,0.007469199681095153,100
dense,3000,-16,0.0008784258181690233,-0.0038674836809627308,0.005714143237577773,100
dense,3000,16,0.0034747322195163,-0.0008479433472444434,0.007881532523727315,100
dense,3000,-32,0.005523987032590526,-0.0018296209714533823,0.012863741036097777,100
dense,3000,32,0.003310646016234125,-0.0031140844478915884,0.009386653545254435,100
dense,10000,0,-0.001033238046532276,-0.0018923842634615473,-0.00023794909784394822,100
dense,10000,-2,-0.0008816804604829837,-0.0017719722508074277,-1.3812837304699442e-05,100
dense,10000,2,0.00014643106030997387,-0.0006758403372039686,0.0010384936055117327,100
dense,10000,-4,-0.0005376973638525728,-0.0018378070714270972,0.0007781083338185307,100
dense,10000,4,-0.00015965002480696267,-0.0014686846026278411,0.0011215014853992635,100
dense,10000,-8,-0.0006755464752062712,-0.0026433613564149482,0.0012805822432776389,100
dense,10000,8,-0.00023004709924063615,-0.002101261313023008,0.0017389632967379043,100
dense,10000,-16,-0.0005376735036207303,-0.003097448387234177,0.0020200292634029986,100
dense,10000,16,0.0007050718583650434,-0.002089991683546585,0.0036955162447980033,100
dense,10000,-32,-0.0004481256657805996,-0.003997438978884881,0.0030819356754787208,100
dense,10000,32,0.0008646108077103098,-0.002658070977470004,0.004596378721178415,100
dense,30000,0,-0.0002118967649465886,-0.0007261521265235937,0.000280364698598363,100
dense,30000,-2,-0.0006510748158339035,-0.0012771389833667322,-4.4432471865303244e-05,100
dense,30000,2,3.6824114289051854e-05,-0.0005629075217299907,0.0005929454097127479,100
dense,30000,-4,-0.0007028411631152576,-0.0014592240279292497,1.5461616099101972e-05,100
dense,30000,4,0.00021926983198558347,-0.0005160091316314514,0.0009199877951034236,100
dense,30000,-8,-0.0006304378345185425,-0.0016670267237332147,0.00043695160557297196,100
dense,30000,8,9.111694945332538e-05,-0.0008442453549165662,0.0009908674281608144,100
dense,30000,-16,-0.0005457061424190313,-0.0020653341423959963,0.000999516486344359,100
dense,30000,16,0.0003054360796532779,-0.0008989962816846036,0.0015844432849990557,100
dense,30000,-32,-0.0007419559553593847,-0.002980270052291937,0.0014756849425102976,100
dense,30000,32,0.001282116215675077,-0.0005303441979151644,0.003177845742613865,100
dense,100000,0,-0.00030554123108923135,-0.0005520294877993917,-4.552353208884505e-05,100
dense,100000,-2,-0.00019658567068492339,-0.0004898144445914872,0.00011281493951556969,100
dense,100000,2,-0.00024939785360304724,-0.0005736131447862303,7.830829901924332e-05,100
dense,100000,-4,-0.00025822326649394987,-0.0007081271979939191,0.00019288937270763276,100
dense,100000,4,-7.792521735418e-06,-0.0004401089741559846,0.00042223889891259065,100
dense,100000,-8,-0.0005895000590745397,-0.0012528195471343156,3.831141379211056e-05,100
dense,100000,8,0.000723435834605412,0.00010672063009893355,0.001312636342790235,100
dense,100000,-16,-0.0006875696904310991,-0.0014619880978386337,8.069914741477321e-05,100
dense,100000,16,0.0011453538122465617,0.00035041289468532586,0.0019171780402098923,100
dense,100000,-32,-0.0005385391928336758,-0.0017394889616691547,0.0006504321145439628,100
dense,100000,32,0.0008993702555678156,-0.00027869120607917615,0.0020444017962385143,100
