grid,N,t,mean,lower,upper,gaussian,samples
coarse,1000,0.25,0.06172403042773412,0.06076627384960717,0.06269187242798353,0.06058693718652419,100
coarse,1000,0.5,0.22231762065095398,0.22036039406409777,0.22438482042648705,0.22119921692859512,100
coarse,1000,1.0,0.6338402543958103,0.6320661553809704,0.635557036413518,0.6321205588285577,100
coarse,1000,2.0,0.9813549070956479,0.9806888483601449,0.9820514091532611,0.9816843611112658,100
coarse,3000,0.25,0.06057934194085797,0.05992953977509371,0.06125396709704292,0.06058693718652419,100
coarse,3000,0.5,0.22165680966264062,0.22046804456476468,0.22290176488962934,0.22119921692859512,100
coarse,3000,1.0,0.632661391087047,0.6315902800916283,0.6337210120783008,0.6321205588285577,100
coarse,3000,2.0,0.981296334860475,0.9809395980841317,0.9816554612661391,0.9816843611112658,100
coarse,10000,0.25,0.06099186047237994,0.06064259009388882,0.06135311994402905,0.06058693718652419,100
coarse,10000,0.5,0.22183598508273833,0.2211646161678629,0.22254337437454325,0.22119921692859512,100
coarse,10000,1.0,0.6326552475903124,0.6320781578930931,0.6332063570147988,0.6321205588285577,100
coarse,10000,2.0,0.9814659270503424,0.9812380889913359,0.9816984298770012,0.9816843611112658,100
coarse,30000,0.25,0.06066913785922535,0.060441811745106204,0.06090586734693878,0.06058693718652419,100
coarse,30000,0.5,0.22143588088296554,0.22102382965431075,0.22186457257392758,0.22119921692859512,100
coarse,30000,1.0,0.6318501874219075,0.6315582403165348,0.6321532028321535,0.6321205588285577,100
coarse,30000,2.0,0.9816975218658895,0.9815769596001663,0.9818096366097456,0.9816843611112658,100
coarse,100000,0.25,0.06068947983233695,0.060573188283577876,0.06080937669833774,0.06058693718652419,100
coarse,100000,0.5,0.22145765634077327,0.22122454742227474,0.22169650837378116,0.22119921692859512,100
coarse,100000,1.0,0.6321756651237168,0.6320234392471407,0.6323383335519699,0.6321205588285577,100
coarse,100000,2.0,0.9816437285658067,0.9815751500783965,0.9817110434899396,0.9816843611112658,100
dense,1000,0.25,0.0617149894001746,0.06075191732136179,0.0626668848983664,0.06058693718652419,100
dense,1000,0.5,0.22239057239057242,0.2204329950741987,0.22448179324105244,0.22119921692859512,100
dense,1000,1.0,0.6339334705075447,0.632176159745604,0.6356507045766303,0.6321205588285577,100
dense,1000,2.0,0.9813424367128067,0.9806805399675771,0.9820305056740244,0.9816843611112658,100
dense,3000,0.25,0.06057184506455642,0.05991922376093295,0.06124370574760517,0.06058693718652419,100
dense,3000,0.5,0.22164212827988333,0.22046664931278637,0.2228717721782591,0.22119921692859512,100
dense,3000,1.0,0.6326326530612245,0.631588187213661,0.6336918159100373,0.6321205588285577,100
dense,3000,2.0,0.9812893586005833,0.9809294044148273,0.9816503670345692,0.9816843611112658,100
dense,10000,0.25,0.06100613431782262,0.06065168615655629,0.061369181924376764,0.06058693718652419,100
dense,10000,0.5,0.2218204618853969,0.22115502583035054,0.22251645006028123,0.22119921692859512,100
dense,10000,1.0,0.6326554037593,0.6320787279098965,0.6331981737598619,0.6321205588285577,100
dense,10000,2.0,0.9814752347219877,0.9812465330484811,0.9817088752397194,0.9816843611112658,100
dense,30000,0.25,0.06066877342773844,0.06043817081424406,0.060902776447313615,0.06058693718652419,100
dense,30000,0.5,0.22143135152020005,0.22102318747396923,0.22185377967513534,0.22119921692859512,100
dense,30000,1.0,0.6318513744273218,0.6315593908788005,0.6321582587984176,0.6321205588285577,100
dense,30000,2.0,0.9816973865056225,0.9815793094023321,0.9818087697834232,0.9816843611112658,100
dense,100000,0.25,0.06068863027304587,0.06057372581723232,0.06080851089747194,0.06058693718652419,100
dense,100000,0.5,0.22145527944878585,0.22122351405208548,0.22169574673762985,0.22119921692859512,100
dense,100000,1.0,0.6321823147991978,0.6320290500865177,0.6323465574889278,0.6321205588285577,100
dense,100000,2.0,0.9816496629873253,0.9815808642235588,0.9817159738229543,0.9816843611112658,100
