degree,kind,contributing_seeds,expected_seeds,complete,max_normalized_residual,maximum_seed
1000,base,92,100,False,1.7971134967919073e-15,522030
1001,exhaustive small block,78,100,False,1.9397958166635693e-15,522051
1002,exhaustive small block,78,100,False,1.7541798581287778e-15,522002
1003,exhaustive small block,78,100,False,1.702216056751403e-15,522009
1004,exhaustive small block,78,100,False,1.831557080899492e-15,522046
1005,exhaustive small block,78,100,False,1.9783682491124453e-15,522039
1006,exhaustive small block,78,100,False,2.050156427505617e-15,522067
1007,exhaustive small block,78,100,False,1.831495179604468e-15,522051
1008,exhaustive small block,78,100,False,1.6226281881775982e-15,522047
1009,exhaustive small block,78,100,False,2.014470686507121e-15,522051
1010,exhaustive small block,78,100,False,1.92175734829368e-15,522051
1011,exhaustive small block,78,100,False,1.7657031801311561e-15,522046
1012,exhaustive small block,78,100,False,1.999816626536199e-15,522032
1013,exhaustive small block,78,100,False,1.5915885714882496e-15,522074
1014,exhaustive small block,78,100,False,1.7246045455733151e-15,522051
1015,exhaustive small block,78,100,False,1.7406865142521969e-15,522076
1016,exhaustive small block,78,100,False,2.0129895874413116e-15,522027
1017,exhaustive small block,78,100,False,2.0885510886419655e-15,522076
1018,exhaustive small block,78,100,False,1.9949399085575403e-15,522051
1019,exhaustive small block,78,100,False,1.8288701855496365e-15,522029
1020,exhaustive small block,78,100,False,1.8290887915459656e-15,522032
1021,exhaustive small block,78,100,False,1.7959742951181263e-15,522064
1022,exhaustive small block,78,100,False,1.7949316488024806e-15,522064
1023,exhaustive small block,78,100,False,1.8012531618079407e-15,522005
1024,exhaustive small block,78,100,False,2.142022815432633e-15,522051
1025,exhaustive small block,78,100,False,1.7888097228204696e-15,522028
1026,exhaustive small block,78,100,False,1.7222599076330575e-15,522073
1027,exhaustive small block,78,100,False,1.880204625483142e-15,522037
1028,exhaustive small block,78,100,False,1.951288952330257e-15,522032
1029,exhaustive small block,78,100,False,1.961366142901334e-15,522004
1030,exhaustive small block,78,100,False,1.8068793178933623e-15,522047
1031,exhaustive small block,78,100,False,1.7144945065565623e-15,522063
1032,exhaustive small block,78,100,False,1.9379099921584023e-15,522046
1033,exhaustive small block,78,100,False,1.831430615731556e-15,522045
1034,exhaustive small block,78,100,False,1.992287466576068e-15,522046
1035,exhaustive small block,78,100,False,1.842167359757913e-15,522032
1036,exhaustive small block,78,100,False,1.758362870707159e-15,522076
1037,exhaustive small block,78,100,False,1.8545180660020592e-15,522076
1038,exhaustive small block,78,100,False,1.8272024954252904e-15,522033
1039,exhaustive small block,78,100,False,1.9682268614370074e-15,522051
1040,exhaustive small block,78,100,False,1.8231208462981043e-15,522063
1041,exhaustive small block,78,100,False,1.969276486429524e-15,522062
1042,exhaustive small block,78,100,False,1.80160989293532e-15,522022
1043,exhaustive small block,78,100,False,1.8559643972987374e-15,522000
1044,exhaustive small block,78,100,False,2.0033601345943577e-15,522072
1045,exhaustive small block,78,100,False,2.226435134274591e-15,522045
1046,exhaustive small block,78,100,False,1.915908324495836e-15,522051
1047,exhaustive small block,78,100,False,1.770170429191996e-15,522033
1048,exhaustive small block,78,100,False,1.7400222064790077e-15,522005
1049,exhaustive small block,78,100,False,1.9333461465527406e-15,522063
1050,exhaustive small block,78,100,False,1.8156254822017056e-15,522047
1051,exhaustive small block,78,100,False,1.778065784091091e-15,522077
1052,exhaustive small block,78,100,False,1.950212523562762e-15,522045
1053,exhaustive small block,78,100,False,1.916949719341107e-15,522016
1054,exhaustive small block,78,100,False,1.8417001163164123e-15,522051
1055,exhaustive small block,78,100,False,1.9346049137790593e-15,522051
1056,exhaustive small block,78,100,False,1.8553192883895745e-15,522030
1057,exhaustive small block,78,100,False,2.3119101823082607e-15,522045
1058,exhaustive small block,78,100,False,1.942497638045645e-15,522077
1059,exhaustive small block,78,100,False,2.2740015552623373e-15,522045
1060,exhaustive small block,78,100,False,1.864338151921989e-15,522045
1061,exhaustive small block,78,100,False,2.0593477998603498e-15,522045
1062,exhaustive small block,78,100,False,1.7953265356895585e-15,522000
1063,exhaustive small block,78,100,False,2.025875347902791e-15,522045
1064,exhaustive small block,78,100,False,1.8217587820568724e-15,522077
1065,exhaustive small block,78,100,False,1.876159721240331e-15,522045
1066,exhaustive small block,78,100,False,1.8946639178676486e-15,522035
1067,exhaustive small block,78,100,False,1.7804116434356933e-15,522000
1068,exhaustive small block,78,100,False,1.82507669865283e-15,522001
1069,exhaustive small block,78,100,False,2.031287309222092e-15,522065
1070,exhaustive small block,78,100,False,2.0136271953043714e-15,522028
1071,exhaustive small block,78,100,False,1.8491412801314586e-15,522016
1072,exhaustive small block,78,100,False,1.8555586906645297e-15,522040
1073,exhaustive small block,78,100,False,1.9481481806722557e-15,522064
1074,exhaustive small block,78,100,False,1.7467636586651268e-15,522030
1075,exhaustive small block,78,100,False,1.9340758162150635e-15,522035
1076,exhaustive small block,78,100,False,1.8737932122340192e-15,522064
1077,exhaustive small block,78,100,False,1.983846624654984e-15,522072
1078,exhaustive small block,78,100,False,1.990699119186504e-15,522008
1079,exhaustive small block,78,100,False,1.866771649181471e-15,522063
1080,exhaustive small block,78,100,False,2.0872888549162307e-15,522063
1081,exhaustive small block,78,100,False,1.9443504093186995e-15,522029
1082,exhaustive small block,78,100,False,1.8380272596114376e-15,522029
1083,exhaustive small block,78,100,False,2.142112052590785e-15,522045
1084,exhaustive small block,78,100,False,2.1419478911485164e-15,522072
1085,exhaustive small block,78,100,False,2.1366394712824516e-15,522013
1086,exhaustive small block,78,100,False,1.9617303958662643e-15,522064
1087,exhaustive small block,78,100,False,1.91550585592839e-15,522035
1088,exhaustive small block,78,100,False,2.0668247630388885e-15,522064
1089,exhaustive small block,78,100,False,2.0818662296483044e-15,522063
1090,exhaustive small block,78,100,False,2.0735997992141333e-15,522064
1091,exhaustive small block,78,100,False,2.049204539379317e-15,522063
1092,exhaustive small block,78,100,False,1.763301454584219e-15,522065
1093,exhaustive small block,78,100,False,1.8452838004503216e-15,522036
1094,exhaustive small block,78,100,False,1.906405846592514e-15,522039
1095,exhaustive small block,78,100,False,2.1366677184508733e-15,522077
1096,exhaustive small block,78,100,False,1.9036782033898214e-15,522009
1097,exhaustive small block,78,100,False,1.8941104813363495e-15,522016
1098,exhaustive small block,78,100,False,1.834939678202788e-15,522026
1099,exhaustive small block,78,100,False,2.132486689721673e-15,522046
1100,exhaustive small block,78,100,False,1.8807633134862296e-15,522031
1101,exhaustive small block,78,100,False,1.879445018599959e-15,522063
1102,exhaustive small block,78,100,False,1.8458111745953582e-15,522009
1103,exhaustive small block,78,100,False,1.8867116132251536e-15,522062
1104,exhaustive small block,78,100,False,1.9995576405294978e-15,522062
1105,exhaustive small block,78,100,False,1.8352852627599975e-15,522051
1106,exhaustive small block,78,100,False,1.7755448263322324e-15,522026
1107,exhaustive small block,78,100,False,2.102778719367403e-15,522009
1108,exhaustive small block,78,100,False,2.0240848681638105e-15,522064
1109,exhaustive small block,78,100,False,1.990036105448582e-15,522055
1110,exhaustive small block,78,100,False,2.0291590230556336e-15,522008
1111,exhaustive small block,78,100,False,1.9970194681993788e-15,522009
1112,exhaustive small block,78,100,False,2.2053112703184246e-15,522062
1113,exhaustive small block,78,100,False,2.0851129861340214e-15,522045
1114,exhaustive small block,78,100,False,2.1204753399551258e-15,522009
1115,exhaustive small block,78,100,False,1.9185994731700677e-15,522031
1116,exhaustive small block,78,100,False,1.8761008527931116e-15,522029
1117,exhaustive small block,78,100,False,1.998865098578261e-15,522013
1118,exhaustive small block,78,100,False,2.2161009224470514e-15,522064
1119,exhaustive small block,78,100,False,1.7139020947148101e-15,522037
1120,exhaustive small block,78,100,False,1.912937772394842e-15,522069
1121,exhaustive small block,78,100,False,1.935277539257926e-15,522062
1122,exhaustive small block,78,100,False,1.9421023648129004e-15,522077
1123,exhaustive small block,78,100,False,1.787830919274747e-15,522016
1124,exhaustive small block,78,100,False,1.904419390553008e-15,522026
1125,exhaustive small block,78,100,False,2.0990361091804128e-15,522062
1126,exhaustive small block,78,100,False,1.961970792407666e-15,522029
1127,exhaustive small block,78,100,False,1.9637328272324546e-15,522052
1128,exhaustive small block,78,100,False,1.9212783447876243e-15,522037
1129,exhaustive small block,78,100,False,2.002287525059421e-15,522063
1130,exhaustive small block,78,100,False,2.0155984550097923e-15,522016
1131,exhaustive small block,78,100,False,2.1169513322344978e-15,522049
1132,exhaustive small block,78,100,False,1.9751156815806517e-15,522029
1133,exhaustive small block,78,100,False,1.845011350500513e-15,522076
1134,exhaustive small block,78,100,False,2.269397538657476e-15,522016
1135,exhaustive small block,78,100,False,2.092343620060035e-15,522026
1136,exhaustive small block,78,100,False,1.8942695211232646e-15,522064
1137,exhaustive small block,78,100,False,2.110848946709285e-15,522063
1138,exhaustive small block,78,100,False,2.127997945321285e-15,522046
1139,exhaustive small block,78,100,False,2.0266323187169374e-15,522029
1140,exhaustive small block,78,100,False,1.987366892748966e-15,522063
1141,exhaustive small block,78,100,False,1.926363669658504e-15,522040
1142,exhaustive small block,78,100,False,1.9055582856249136e-15,522017
1143,exhaustive small block,78,100,False,2.0117151637570486e-15,522062
1144,exhaustive small block,78,100,False,1.9789466257959285e-15,522045
1145,exhaustive small block,78,100,False,2.0191596162027714e-15,522063
1146,exhaustive small block,78,100,False,1.9811227400012527e-15,522064
1147,exhaustive small block,78,100,False,2.0289517580066282e-15,522052
1148,exhaustive small block,78,100,False,1.9401909091139545e-15,522063
1149,exhaustive small block,78,100,False,1.8873017759707125e-15,522046
1150,exhaustive small block,78,100,False,2.0636833919127465e-15,522016
1151,exhaustive small block,78,100,False,1.9168277016399373e-15,522012
1152,exhaustive small block,78,100,False,2.1274064235273725e-15,522040
1153,exhaustive small block,78,100,False,1.858535066011232e-15,522009
1154,exhaustive small block,78,100,False,2.166357439460175e-15,522062
1155,exhaustive small block,78,100,False,1.929723860784562e-15,522008
1156,exhaustive small block,78,100,False,1.9602652731115682e-15,522063
1157,exhaustive small block,78,100,False,1.915023996636002e-15,522060
1158,exhaustive small block,78,100,False,2.1432712052591144e-15,522017
1159,exhaustive small block,78,100,False,1.999851898111624e-15,522026
1160,exhaustive small block,78,100,False,2.036779151414557e-15,522062
1161,exhaustive small block,78,100,False,2.0853489717934706e-15,522026
1162,exhaustive small block,78,100,False,2.3009854582859815e-15,522062
1163,exhaustive small block,78,100,False,1.9669011176000594e-15,522024
1164,exhaustive small block,78,100,False,2.2873887539844044e-15,522063
1165,exhaustive small block,78,100,False,2.1408695695172993e-15,522062
1166,exhaustive small block,78,100,False,2.2176864461464344e-15,522012
1167,exhaustive small block,78,100,False,1.93906917899979e-15,522069
1168,exhaustive small block,78,100,False,1.8486650196592364e-15,522026
1169,exhaustive small block,78,100,False,1.963076443646694e-15,522047
1170,exhaustive small block,78,100,False,2.06816994709594e-15,522058
1171,exhaustive small block,78,100,False,2.1452894778934163e-15,522064
1172,exhaustive small block,78,100,False,2.4429751834085475e-15,522062
1173,exhaustive small block,78,100,False,2.0950473121434144e-15,522017
1174,exhaustive small block,78,100,False,1.8961475836878252e-15,522022
1175,exhaustive small block,78,100,False,2.042301509037296e-15,522024
1176,exhaustive small block,78,100,False,2.0346484239382894e-15,522058
1177,exhaustive small block,78,100,False,1.979850058761926e-15,522028
1178,exhaustive small block,78,100,False,2.1620636350287587e-15,522062
1179,exhaustive small block,78,100,False,2.1688522697102862e-15,522069
1180,exhaustive small block,78,100,False,2.0988856147248683e-15,522009
1181,exhaustive small block,78,100,False,1.973534049069755e-15,522022
1182,exhaustive small block,78,100,False,2.0875429718470837e-15,522045
1183,exhaustive small block,78,100,False,1.911022673448914e-15,522016
1184,exhaustive small block,78,100,False,1.985868750149029e-15,522013
1185,exhaustive small block,78,100,False,1.9573523103471257e-15,522039
1186,exhaustive small block,78,100,False,2.2095606444887036e-15,522062
1187,exhaustive small block,78,100,False,2.098557651743936e-15,522022
1188,exhaustive small block,78,100,False,2.1713366639899237e-15,522062
1189,exhaustive small block,78,100,False,2.249454582120058e-15,522069
1190,exhaustive small block,78,100,False,2.205478545844198e-15,522008
1191,exhaustive small block,78,100,False,2.388491273527213e-15,522062
1192,exhaustive small block,78,100,False,2.1946594845003924e-15,522022
1193,exhaustive small block,78,100,False,2.097065345582994e-15,522022
1194,exhaustive small block,78,100,False,2.200609577882438e-15,522062
1195,exhaustive small block,78,100,False,2.2032966951231273e-15,522049
1196,exhaustive small block,78,100,False,2.634406576348218e-15,522062
1197,exhaustive small block,78,100,False,2.0749208707327863e-15,522052
1198,exhaustive small block,78,100,False,2.3140445513641484e-15,522062
1199,exhaustive small block,78,100,False,2.3688613144859046e-15,522062
1200,exhaustive small block,78,100,False,2.1113427367892016e-15,522009
1201,exhaustive small block,78,100,False,2.212953085611427e-15,522069
1202,exhaustive small block,78,100,False,2.1830138600901144e-15,522062
1203,exhaustive small block,78,100,False,2.223513680192331e-15,522062
1204,exhaustive small block,78,100,False,2.1432585063616326e-15,522069
1205,exhaustive small block,78,100,False,2.1785441303837853e-15,522040
1206,exhaustive small block,78,100,False,1.9703031228210316e-15,522060
1207,exhaustive small block,78,100,False,2.2760867045071182e-15,522011
1208,exhaustive small block,78,100,False,2.0467051338706807e-15,522028
1209,exhaustive small block,78,100,False,2.4981427311321482e-15,522069
1210,exhaustive small block,78,100,False,2.0353361569358694e-15,522026
1211,exhaustive small block,78,100,False,2.6653498579334406e-15,522069
1212,exhaustive small block,78,100,False,1.9538815670266967e-15,522059
1213,exhaustive small block,78,100,False,1.9573162008750143e-15,522052
1214,exhaustive small block,78,100,False,2.126505352514339e-15,522029
1215,exhaustive small block,78,100,False,2.155276624541068e-15,522069
1216,exhaustive small block,78,100,False,2.32432474110603e-15,522069
1217,exhaustive small block,78,100,False,1.920549435322001e-15,522043
1218,exhaustive small block,78,100,False,2.186587144421292e-15,522013
1219,exhaustive small block,78,100,False,1.862898395858968e-15,522024
1220,exhaustive small block,78,100,False,2.2566815214521596e-15,522062
1221,exhaustive small block,78,100,False,2.1456600685446284e-15,522069
1222,exhaustive small block,78,100,False,2.0006296598384713e-15,522005
1223,exhaustive small block,78,100,False,2.2209501391700863e-15,522017
1224,exhaustive small block,78,100,False,2.1473089347567973e-15,522062
1225,exhaustive small block,78,100,False,2.251198304986593e-15,522011
1226,exhaustive small block,78,100,False,1.974514891776555e-15,522017
1227,exhaustive small block,78,100,False,2.347421290523673e-15,522069
1228,exhaustive small block,78,100,False,1.974573448768608e-15,522031
1229,exhaustive small block,78,100,False,2.7125335738209567e-15,522062
1230,exhaustive small block,78,100,False,2.09056758391643e-15,522069
1231,exhaustive small block,78,100,False,2.0638791308957106e-15,522022
1232,exhaustive small block,78,100,False,2.2132745404326126e-15,522062
1233,exhaustive small block,78,100,False,2.29855820064438e-15,522022
1234,exhaustive small block,78,100,False,2.1181368090592446e-15,522027
1235,exhaustive small block,78,100,False,1.975950941658279e-15,522000
1236,exhaustive small block,78,100,False,2.1439121655814983e-15,522022
1237,exhaustive small block,78,100,False,2.0948375079804924e-15,522029
1238,exhaustive small block,78,100,False,2.3185421034465546e-15,522029
1239,exhaustive small block,78,100,False,2.1562508941734747e-15,522029
1240,exhaustive small block,78,100,False,2.1052401100376368e-15,522029
1241,exhaustive small block,78,100,False,2.0797959492660445e-15,522069
1242,exhaustive small block,78,100,False,2.1804862512556803e-15,522069
1243,exhaustive small block,78,100,False,2.1524326177171123e-15,522062
1244,exhaustive small block,78,100,False,2.1134693030700752e-15,522062
1245,exhaustive small block,78,100,False,1.950647588096714e-15,522028
1246,exhaustive small block,78,100,False,2.4188560165538086e-15,522062
1247,exhaustive small block,78,100,False,2.0159811440497633e-15,522067
1248,exhaustive small block,78,100,False,2.2885888674986023e-15,522069
1249,exhaustive small block,78,100,False,2.3293896930129294e-15,522069
1250,exhaustive small block,78,100,False,2.284492204986927e-15,522062
1251,exhaustive small block,78,100,False,2.1457746432740872e-15,522047
1252,exhaustive small block,78,100,False,2.2342874304072364e-15,522023
1253,exhaustive small block,78,100,False,1.983449419007476e-15,522052
1254,exhaustive small block,78,100,False,2.387938771929575e-15,522069
1255,exhaustive small block,78,100,False,2.5659756835344186e-15,522069
1256,exhaustive small block,78,100,False,2.0156782993180467e-15,522017
1257,exhaustive small block,78,100,False,2.665715325994768e-15,522062
1258,exhaustive small block,78,100,False,2.6920080316589623e-15,522069
1259,exhaustive small block,78,100,False,2.277174803684437e-15,522045
1260,exhaustive small block,78,100,False,2.20386389797792e-15,522056
1261,exhaustive small block,78,100,False,2.0735762403057806e-15,522029
1262,exhaustive small block,78,100,False,2.0276501134244114e-15,522062
1263,exhaustive small block,78,100,False,2.532354450153688e-15,522069
1264,exhaustive small block,78,100,False,2.2833948631084793e-15,522065
1265,exhaustive small block,78,100,False,2.16409629438872e-15,522022
1266,exhaustive small block,78,100,False,2.27689266645995e-15,522062
1267,exhaustive small block,78,100,False,2.0986951334516886e-15,522058
1268,exhaustive small block,78,100,False,2.434729932853821e-15,522012
1269,exhaustive small block,78,100,False,2.0805760349004808e-15,522029
1270,exhaustive small block,78,100,False,2.0755094911446744e-15,522033
1271,exhaustive small block,78,100,False,2.1237113903069187e-15,522011
1272,exhaustive small block,78,100,False,2.3864934135286194e-15,522069
1273,exhaustive small block,78,100,False,2.167605289492853e-15,522023
1274,exhaustive small block,78,100,False,2.179272535177999e-15,522062
1275,exhaustive small block,78,100,False,2.055220595958927e-15,522069
1276,exhaustive small block,78,100,False,2.1529690237089863e-15,522037
1277,exhaustive small block,78,100,False,2.6405923828978562e-15,522062
1278,exhaustive small block,78,100,False,2.2842558503095002e-15,522023
1279,exhaustive small block,78,100,False,2.1462672161820984e-15,522047
1280,exhaustive small block,78,100,False,2.0935556033358325e-15,522047
1281,exhaustive small block,78,100,False,2.126188527993595e-15,522043
1282,exhaustive small block,78,100,False,2.046629973144453e-15,522013
1283,exhaustive small block,78,100,False,2.2732847742098533e-15,522069
1284,exhaustive small block,78,100,False,2.1586766141409668e-15,522069
1285,exhaustive small block,78,100,False,2.0861245109642093e-15,522062
1286,exhaustive small block,78,100,False,2.0448039601678157e-15,522056
1287,exhaustive small block,78,100,False,2.3082901063450842e-15,522069
1288,exhaustive small block,78,100,False,2.069568449178327e-15,522014
1289,exhaustive small block,78,100,False,2.2033011832699376e-15,522062
1290,exhaustive small block,78,100,False,2.137957611147864e-15,522047
1291,exhaustive small block,78,100,False,2.5892261410867813e-15,522023
1292,exhaustive small block,78,100,False,2.210333363538003e-15,522011
1293,exhaustive small block,78,100,False,2.3876977249641874e-15,522022
1294,exhaustive small block,78,100,False,2.3463326197165303e-15,522069
1295,exhaustive small block,78,100,False,2.2742081450906633e-15,522056
1296,exhaustive small block,78,100,False,2.041380256402749e-15,522031
1297,exhaustive small block,78,100,False,2.1115755790384356e-15,522023
1298,exhaustive small block,78,100,False,2.1855328685129204e-15,522037
1299,exhaustive small block,78,100,False,2.0760215519283633e-15,522066
1300,exhaustive small block,78,100,False,2.1528372093234033e-15,522055
1301,exhaustive small block,78,100,False,2.073388080733487e-15,522037
1302,exhaustive small block,78,100,False,2.1728403727352355e-15,522029
1303,exhaustive small block,78,100,False,2.16625345139594e-15,522023
1304,exhaustive small block,78,100,False,2.288210768281275e-15,522065
1305,exhaustive small block,78,100,False,2.3312541466717665e-15,522069
1306,exhaustive small block,78,100,False,2.0870430851407327e-15,522045
1307,exhaustive small block,78,100,False,2.163997257442595e-15,522037
1308,exhaustive small block,78,100,False,2.177935587333514e-15,522047
1309,exhaustive small block,78,100,False,2.290780028839218e-15,522040
1310,exhaustive small block,78,100,False,2.0151213955673567e-15,522062
1311,exhaustive small block,78,100,False,2.3089999630141502e-15,522069
1312,exhaustive small block,78,100,False,2.030321534021153e-15,522062
1313,exhaustive small block,78,100,False,2.4156938716082607e-15,522065
1314,exhaustive small block,78,100,False,2.151628803289822e-15,522065
1315,exhaustive small block,78,100,False,1.9533668909299185e-15,522028
1316,exhaustive small block,78,100,False,2.1562690889571105e-15,522023
1317,exhaustive small block,78,100,False,2.302272643541596e-15,522059
1318,exhaustive small block,78,100,False,2.1248692966231763e-15,522051
1319,exhaustive small block,78,100,False,2.168837002521823e-15,522066
1320,exhaustive small block,78,100,False,2.089609108821483e-15,522051
1321,exhaustive small block,78,100,False,2.0175620883916534e-15,522023
1322,exhaustive small block,78,100,False,2.330436855756255e-15,522066
1323,exhaustive small block,78,100,False,2.1963000804981686e-15,522069
1324,exhaustive small block,78,100,False,2.1531021116746884e-15,522049
1325,exhaustive small block,78,100,False,2.32622836788531e-15,522062
1326,exhaustive small block,78,100,False,2.4069244493809012e-15,522051
1327,exhaustive small block,78,100,False,2.1637283540720484e-15,522052
1328,exhaustive small block,78,100,False,2.1111484516038338e-15,522052
1329,exhaustive small block,78,100,False,2.004137422337322e-15,522069
1330,exhaustive small block,78,100,False,2.0751790884847076e-15,522024
1331,exhaustive small block,78,100,False,2.146551199762218e-15,522023
1332,exhaustive small block,78,100,False,2.1798607572575323e-15,522023
1333,exhaustive small block,78,100,False,2.303629964078467e-15,522022
1334,exhaustive small block,78,100,False,2.206355671344856e-15,522059
1335,exhaustive small block,78,100,False,2.3002433025848048e-15,522059
1336,exhaustive small block,78,100,False,2.0344724129919207e-15,522047
1337,exhaustive small block,78,100,False,2.076115232284352e-15,522069
1338,exhaustive small block,78,100,False,2.206422344426159e-15,522037
1339,exhaustive small block,78,100,False,2.1813638445220277e-15,522065
1340,exhaustive small block,78,100,False,2.407058355118989e-15,522062
1341,exhaustive small block,78,100,False,2.4197184892412216e-15,522022
1342,exhaustive small block,78,100,False,2.367554699326622e-15,522023
1343,exhaustive small block,78,100,False,2.4119750833396575e-15,522062
1344,exhaustive small block,78,100,False,2.120271742258878e-15,522062
1345,exhaustive small block,78,100,False,1.9798441945040687e-15,522051
1346,exhaustive small block,78,100,False,2.0726867919905086e-15,522026
1347,exhaustive small block,78,100,False,2.0652271138806115e-15,522037
1348,exhaustive small block,78,100,False,2.0552359327196254e-15,522062
1349,exhaustive small block,78,100,False,2.2612999462614354e-15,522065
1350,exhaustive small block,78,100,False,2.066875765432008e-15,522065
1351,exhaustive small block,78,100,False,2.1930222902917502e-15,522051
1352,exhaustive small block,78,100,False,2.1513638210091377e-15,522062
1353,exhaustive small block,78,100,False,2.1460464067848665e-15,522023
1354,exhaustive small block,78,100,False,2.533277683530837e-15,522062
1355,exhaustive small block,78,100,False,2.0836886450178894e-15,522065
1356,exhaustive small block,78,100,False,2.0500627659333498e-15,522062
1357,exhaustive small block,78,100,False,2.9568778977242148e-15,522062
1358,exhaustive small block,78,100,False,2.2115498742198633e-15,522072
1359,exhaustive small block,78,100,False,2.415266312907122e-15,522069
1360,exhaustive small block,78,100,False,2.178091391107724e-15,522021
1361,exhaustive small block,78,100,False,2.2819887481202005e-15,522067
1362,exhaustive small block,78,100,False,2.3570476986337776e-15,522051
1363,exhaustive small block,78,100,False,2.4400431365746464e-15,522065
1364,exhaustive small block,78,100,False,2.5728622910895547e-15,522065
1365,exhaustive small block,78,100,False,2.0499561763039482e-15,522058
1366,exhaustive small block,78,100,False,2.26085283946079e-15,522000
1367,exhaustive small block,78,100,False,2.305080818989557e-15,522069
1368,exhaustive small block,78,100,False,2.1531665768252404e-15,522023
1369,exhaustive small block,78,100,False,2.113943344345491e-15,522021
1370,exhaustive small block,78,100,False,2.3643990790837066e-15,522023
1371,exhaustive small block,78,100,False,2.245197737096094e-15,522062
1372,exhaustive small block,78,100,False,2.5851353023497753e-15,522062
1373,exhaustive small block,78,100,False,2.2558279989808183e-15,522051
1374,exhaustive small block,78,100,False,2.2666726351791548e-15,522029
1375,exhaustive small block,78,100,False,2.488318024442789e-15,522062
1376,exhaustive small block,78,100,False,2.348188131260259e-15,522043
1377,exhaustive small block,78,100,False,2.1637329373376777e-15,522069
1378,exhaustive small block,78,100,False,2.163598562481461e-15,522065
1379,exhaustive small block,78,100,False,2.326814300505722e-15,522062
1380,exhaustive small block,78,100,False,2.369961497743314e-15,522067
1381,exhaustive small block,78,100,False,2.2151743885173202e-15,522038
1382,exhaustive small block,78,100,False,2.600660906858322e-15,522065
1383,exhaustive small block,78,100,False,2.6160615606287153e-15,522062
1384,exhaustive small block,78,100,False,2.985733973314232e-15,522062
1385,exhaustive small block,78,100,False,2.125212978128274e-15,522056
1386,exhaustive small block,78,100,False,2.453473572532313e-15,522062
1387,exhaustive small block,78,100,False,2.5207096150678314e-15,522000
1388,exhaustive small block,78,100,False,2.641674086506897e-15,522023
1389,exhaustive small block,78,100,False,2.371689935724028e-15,522023
1390,exhaustive small block,78,100,False,2.1307865032624706e-15,522071
1391,exhaustive small block,78,100,False,2.2776681825956937e-15,522003
1392,exhaustive small block,78,100,False,2.144147853785148e-15,522069
1393,exhaustive small block,78,100,False,2.310378124989377e-15,522000
1394,exhaustive small block,78,100,False,2.2469647196545906e-15,522064
1395,exhaustive small block,78,100,False,3.2351339357353788e-15,522062
1396,exhaustive small block,78,100,False,2.3952363026544003e-15,522062
1397,exhaustive small block,78,100,False,2.4384007320004686e-15,522062
1398,exhaustive small block,78,100,False,2.1869039921977552e-15,522022
1399,exhaustive small block,78,100,False,2.4056178516800306e-15,522062
1400,exhaustive small block,78,100,False,2.5339506166059117e-15,522051
1401,exhaustive small block,78,100,False,2.4939582235783424e-15,522062
1402,exhaustive small block,78,100,False,2.620253353240431e-15,522062
1403,exhaustive small block,78,100,False,2.2910111177872293e-15,522051
1404,exhaustive small block,78,100,False,2.4733011384417926e-15,522035
1405,exhaustive small block,78,100,False,2.187621170469062e-15,522003
1406,exhaustive small block,78,100,False,2.3935837992354362e-15,522062
1407,exhaustive small block,78,100,False,2.2316553500688767e-15,522069
1408,exhaustive small block,78,100,False,2.2388283079900282e-15,522062
1409,exhaustive small block,78,100,False,2.203688189477646e-15,522063
1410,exhaustive small block,78,100,False,2.189463552528229e-15,522003
1411,exhaustive small block,78,100,False,2.134399450924568e-15,522052
1412,exhaustive small block,78,100,False,2.2026097303743265e-15,522003
1413,exhaustive small block,78,100,False,2.3702059570316354e-15,522062
1414,exhaustive small block,78,100,False,2.339189413123327e-15,522065
1415,exhaustive small block,78,100,False,2.3400126119722803e-15,522072
1416,exhaustive small block,78,100,False,2.6729013614803703e-15,522062
1417,exhaustive small block,78,100,False,2.3454062693519207e-15,522072
1418,exhaustive small block,78,100,False,2.3320194536426276e-15,522066
1419,exhaustive small block,78,100,False,2.7382016378054153e-15,522062
1420,exhaustive small block,78,100,False,2.6973686504472235e-15,522072
1421,exhaustive small block,78,100,False,2.1684736622053988e-15,522023
3000,base,92,100,False,3.4630905367449113e-15,522050
3551,exploratory midpoint,3,3,True,2.7732657329216787e-15,522001
4102,large endpoint,58,100,False,4.15912729877648e-15,522062
10000,base,92,100,False,6.891777677536877e-15,522083
11581,exploratory midpoint,3,3,True,5.612381024800538e-15,522001
13162,large endpoint,57,100,False,8.007270859293706e-15,522056
30000,base,91,100,False,1.203362955990337e-14,522019
34134,exploratory midpoint,3,3,True,1.2041323219580962e-14,522000
38269,large endpoint,53,100,False,1.4321470452494995e-14,522002
100000,base,77,100,False,2.1119486476599265e-14,522072
111856,exploratory midpoint,1,3,False,2.0003331110555284e-14,522002
123713,large endpoint,27,100,False,2.359340488046946e-14,522071
