scope,N,L,mean,lower,upper,samples
annular,1000,2,366.76623376623377,363.40162337662343,370.077922077922,77
annular,1000,4,165.5974025974026,162.2590909090909,169.27305194805194,77
annular,1000,8,33.15584415584416,31.389610389610393,35.07824675324675,77
annular,1000,16,2.987012987012987,2.4155844155844153,3.6623376623376607,77
annular,3000,2,1101.7792207792209,1095.453246753247,1108.2866883116887,77
annular,3000,4,497.2207792207792,491.6100649350649,502.7662337662338,77
annular,3000,8,101.87012987012987,98.89480519480522,105.06493506493509,77
annular,3000,16,10.103896103896103,9.155519480519478,11.012987012987008,77
annular,10000,2,3667.4805194805194,3653.7639610389615,3681.365909090909,77
annular,10000,4,1652.987012987013,1644.3762987012992,1662.2084415584418,77
annular,10000,8,328.35064935064935,322.2188311688313,334.5863636363636,77
annular,10000,16,30.7012987012987,28.752922077922072,32.701298701298704,77
annular,30000,2,10977.558441558442,10956.844155844157,10998.197077922081,77
annular,30000,4,4973.701298701299,4953.817532467532,4994.0,77
annular,30000,8,997.3766233766233,985.1415584415585,1009.39512987013,77
annular,30000,16,92.74025974025975,89.11623376623376,96.10389610389609,77
annular,100000,2,36607.844155844155,36570.631493506495,36645.155844155845,77
annular,100000,4,16542.48051948052,16511.667532467534,16572.351623376624,77
annular,100000,8,3318.038961038961,3302.0639610389603,3334.9220779220773,77
annular,100000,16,312.84415584415586,307.37662337662346,318.4681818181819,77
global,1000,2,600.8571428571429,598.6094155844154,602.8964285714286,77
global,1000,4,396.94805194805195,394.19448051948046,399.92240259740254,77
global,1000,8,238.8181818181818,235.83116883116878,241.84448051948053,77
global,1000,16,143.14285714285714,140.90876623376624,145.40357142857144,77
global,3000,2,1800.5974025974026,1795.557792207792,1805.5717532467538,77
global,3000,4,1187.9610389610389,1182.895779220779,1192.8701298701303,77
global,3000,8,719.0,714.9866883116882,723.1051948051949,77
global,3000,16,435.02597402597405,431.4412337662337,438.6886363636365,77
global,10000,2,6008.25974025974,5999.493181818181,6016.415909090911,77
global,10000,4,3969.194805194805,3961.155194805194,3977.574025974027,77
global,10000,8,2397.220779220779,2388.155844155845,2406.1448051948064,77
global,10000,16,1448.8311688311687,1441.3363636363636,1457.026623376623,77
global,30000,2,17997.44155844156,17982.064610389614,18012.909415584418,77
global,30000,4,11915.532467532468,11897.401948051946,11934.000649350652,77
global,30000,8,7200.61038961039,7185.012337662339,7216.234740259739,77
global,30000,16,4341.311688311688,4330.337012987014,4352.260714285715,77
global,100000,2,59990.194805194806,59964.07694805197,60017.05616883117,77
global,100000,4,39668.5974025974,39643.03603896104,39693.98928571429,77
global,100000,8,23976.64935064935,23948.84285714285,24005.196428571435,77
global,100000,16,14508.792207792209,14484.6224025974,14533.043506493508,77
